<?xml version="1.0" encoding="UTF-8" standalone="yes"?>
<addon id="plugin.video.ait"
       name="AIT Live"
       version="1.0"
       provider-name="TerrorKeed">
  <requires>
    <import addon="xbmc.python" version="2.1.0"/>
  </requires>
  <extension point="xbmc.python.pluginsource"
            library="default.py">
        <provides>video</provides>
  </extension>
  <extension point="xbmc.addon.metadata">
    <summary lang="en">African Independent Television Nigeria addon</summary>
    <description lang="en">Live stream addon of Africa Independent Television</description>
    <platform>all</platform>
  </extension>
</addon>
